Workbook

Sheet Daftar Menu
A1: WARKOP SEJAHTERA
A2: Daftar Makanan, Minuman, & Camilan
A4: No | B4: Kategori | C4: Nama Menu | D4: Deskripsi / Varian | E4: Harga | F4: Status
A5: 1 | B5: Makanan | C5: Indomie Goreng Original | D5: Telor / Tanpa Telor | E5: 8000 | F5: Tersedia
A6: 2 | B6: Makanan | C6: Indomie Goreng Plus Telor | D6: Telor Ceplok / Dadar | E6: 12000 | F6: Tersedia
A7: 3 | B7: Makanan | C7: Indomie Kuah (Soto/Ayam Bawang) | D7: Telor + Cabai Rawit | E7: 12000 | F7: Tersedia
A8: 4 | B8: Makanan | C8: Indomie Double | D8: Porsi double goreng/kuah | E8: 15000 | F8: Tersedia
A9: 5 | B9: Makanan | C9: Nasi Goreng Warkop | D9: Ayam suwir + Telor + Kerupuk | E9: 15000 | F9: Tersedia
A10: 6 | B10: Makanan | C10: Nasi Magelangan (Nasi+Mie) | D10: Pedas / Sedang | E10: 16000 | F10: Tersedia
A11: 7 | B11: Makanan | C11: Nasi Omelet Telur | D11: Nasi + Omelet Indomie | E11: 13000 | F11: Tersedia
A12: 8 | B12: Makanan | C12: Nasi Ayam Geprek | D12: Sambal korek + Nasi | E12: 18000 | F12: Tersedia
A13: 9 | B13: Makanan | C13: Nasi Kucing / Nasi Bungkus | D13: Orek tempe / Teri / Sosis | E13: 6000 | F13: Tersedia
A14: 10 | B14: Camilan | C14: Gorengan (Gorengan Hangat) | D14: Bakwan / Tahu Isi / Tempe Mendoan | E14: 2000 | F14: Tersedia
A15: 11 | B15: Camilan | C15: Roti Bakar Coklat Keju | D15: Roti tawar bakar topping melimpah | E15: 12000 | F15: Tersedia
A16: 12 | B16: Camilan | C16: Roti Bakar Srikaya / Kacang | D16: Pilihan rasa srikaya / kacang | E16: 10000 | F16: Tersedia
... A34: 30 | B34: Minuman | C34: Air Mineral Botol (600ml) | D34: Dingin / Biasa | E34: 4000 | F34: Tersedia

Sheet Kalkulator Pesanan
A1: KALKULATOR PESANAN KASIR
A2: Simulasi Hitung Total Belanjaan Pelanggan
A4: No | B4: Nama Menu | C4: Harga Satuan | D4: Jumlah (Qty) | E4: Subtotal | F4: Catatan
A5: 1 | B5: Indomie Goreng Plus Telor | C5: =IFERROR(VLOOKUP(B5, 'Daftar Menu'!$C$5:$E$100, 3, FALSE), 0) | D5: 2 | E5: =C5*D5 | F5: Telor setengah matang
A6: 2 | B6: Es Teh Manis | C6: =IFERROR(VLOOKUP(B6, 'Daftar Menu'!$C$5:$E$100, 3, FALSE), 0) | D6: 2 | E6: =C6*D6 | F6: Manis sedang
A7: 3 | B7: Pisang Goreng Keju Coklat | C7: =IFERROR(VLOOKUP(B7, 'Daftar Menu'!$C$5:$E$100, 3, FALSE), 0) | D7: 1 | E7: =C7*D7 | F7: Coklat banyakin
A8: 4 | B8: Kopi Hitam Tubruk | C8: =IFERROR(VLOOKUP(B8, 'Daftar Menu'!$C$5:$E$100, 3, FALSE), 0) | D8: 1 | E8: =C8*D8 | F8: Gula sedikit
A9: 5 | C9: =IFERROR(VLOOKUP(B9, 'Daftar Menu'!$C$5:$E$100, 3, FALSE), 0) | E9: =C9*D9
A10: 6 | C10: =IFERROR(VLOOKUP(B10, 'Daftar Menu'!$C$5:$E$100, 3, FALSE), 0) | E10: =C10*D10
A11: 7 | C11: =IFERROR(VLOOKUP(B11, 'Daftar Menu'!$C$5:$E$100, 3, FALSE), 0) | E11: =C11*D11
A12: 8 | C12: =IFERROR(VLOOKUP(B12, 'Daftar Menu'!$C$5:$E$100, 3, FALSE), 0) | E12: =C12*D12
A13: 9 | C13: =IFERROR(VLOOKUP(B13, 'Daftar Menu'!$C$5:$E$100, 3, FALSE), 0) | E13: =C13*D13
A14: 10 | C14: =IFERROR(VLOOKUP(B14, 'Daftar Menu'!$C$5:$E$100, 3, FALSE), 0) | E14: =C14*D14
B15: TOTAL BELANJA | E15: =SUM(E5:E14)
